Expert_Name,Expert_website,Old_Description,Expert_Description,Spreadsheet,Количество оценок,Градация оценок,"Платность оценки (Free, Pay, Free/Pay)",Expert_Facebook,Expert_Twitter,Expert_Youtube,Expert_TG_CHAT,Expert_TG_Group,Expert_Discord,Expert_Reddit,Expert_Medium,Expert_Bitcointalk_Forum,Expert_email,Subscribe,Комментарий
ICODrops,https://icodrops.com/,"ICODrops is our view on the constantly growing ICO world. We’ve created and are constantly updating three useful lists: Active ICOs, Upcoming ICOs and Ended ICOs for everyone who is interested in ICOs and wants to stay current on the topic. The lists look like a kanban board (Inbox, In Progress, Done).","ICODrops (https://icodrops.com/) is our opinion about the continually fast expanding ICO world. Our team developed and is regularly updating 3 helpful lists (Active ICOs, Upcoming ICOs and Ended ICOs) for all people who are involved in ICO investments and want to keep updated with market news. Our lists look like a dashboard (Inbox, In Progress, Done).",No data,5,Interest: low-neutral-medium-high-very high,Free,No data,https://twitter.com/ICODrops,https://www.youtube.com/channel/UCnueojzU1PqyYYcmxyG9aSA,https://t.me/joinchat/FoisO0k4-XXBkPEikfdgow,https://t.me/icodrops,No data,No data,No data,No data,hello@icodrops.com,https://icodrops.us3.list-manage.com/subscribe?u=4f1b4826ad6ab18d6070c8269&id=00588e7766,
Ian Balina,http://ianbalina.com/,"Ian Balina is an influential Blockchain and Cryptocurrency Investor, Advisor, and Evangelist. He has appeared in The Wall Street Journal, Forbes, Huffington Post, The Street, INC and Entrepreneur Magazine for his work in analytics, cryptocurrencies, and entrepreneurship.","Ian Balina (http://ianbalina.com/) is a well-known blockchain and cryptocurrency investment manager, consultant, and blockchain technology evangelist. His reviews and ratings about crypto market and ICOs were published by the long list of famous media like Forbes, WSJ, The Street, Huffington Post, INC and Entrepreneur Magazine.",https://docs.google.com/spreadsheets/d/1BzJhrL_dEjrNE-LRbJZhubeMUF-8Pev7oaKM-qTDytE/edit#gid=1032094084,100,от 1 до 100%,No data,https://www.facebook.com/ianbalina/,https://twitter.com/diaryofamademan,https://www.youtube.com/user/Diaryofamademan,No data,http://ianbalina.com/mastermind/,No data,No data,No data,No data,ian@diaryofamademan.com,https://diaryofamademan.us15.list-manage.com/subscribe?u=ea269e8171520841ee355b594&id=eb982c4a0e,
"
OhHeyMatty",No data,"Ex Professional Poker Player, Content Creator, Music Enthusiast, Computer Scientist, Cryptocurrency contributor, Youtube and Twitch Streamer.",,https://docs.google.com/spreadsheets/d/1dQ0qMsV--Lso6EblkMY-Qs475U1awwY8Z4pgNfrWrFg/edit#gid=1040983530,100,от 1 до 100%,Free,No data,https://twitter.com/itsmeohheymatty,http://www.youtube.com/c/OhHeyMatty,No data,https://t.me/OhHeyMattyAnnouncement,https://discordapp.com/invite/Ah5Kx5s,No data,No data,No data,No data,No data,
CryptoBriefing,https://cryptobriefing.com/ico-reviews/,"Our ICO reviews are independent and unpaid. We go deep to unearth the truth about the blockchain application of the ICO, its token distribution, the market and competition, and the price. ICO reviews from some sites are simply paid re-hashes of the whitepaper – ours are designed to help consumers sort the gems from the rubble. We believe that the crypto community needs, and deserves, the kind of objectivity that we provide – and we work hard to earn your donations.","CryptoBriefing's ICOs reviews and ratings (https://cryptobriefing.com/) are independent and unrewarded. The ICOs are covered in details in our reports to unveil the truth about the app of the ICO, its token circulation, the market and competitors, and the value. Most of the ICO reviews on the cryptomarket are copied from the whitepapers – while CryptoBriefing's ICOs reviews and ratings are created to help customers sort the jewels from the rubble. Our team does believe that the cryptomarket requires, and deserves, a sort of high-quality reviews that we do – and our team works really hard 24/7 to get rewarded by your donations.",No data,100,от 1 до 100%,Free,https://www.facebook.com/cryptobriefing,https://twitter.com/crypto_briefing,No data,https://t.me/cryptobriefingsupporters,https://t.me/cryptobriefing,No data,No data,No data,https://bitcointalk.org/index.php?topic=2262943.0,info@cryptobriefing.com,Yes,
MMCrypto,https://mmcrypto.io/,"Follow us on our journey. Together we find hidden ICOs, like needles in a haystack. ",,https://docs.google.com/spreadsheets/d/18q2w77MGSnDGtnoY5K58eYB5AjEHORxdLbDJaB__QtU/edit#gid=648907179,100,от 1 до 100%,No data,https://www.facebook.com/groups/MMCrypto.io/,https://twitter.com/MMcrypto,https://www.youtube.com/channel/UCBkGMys0mYl3Myxh3CTsASA,https://t.me/MMCryptoENG,https://t.me/MMCryptoALERTS,No data,No data,https://medium.com/@mmcrypto,No data,info@mmcrypto.io,No data,
Mandy,http://cryptosdaily247.com/,My name is Mandy and my passion is to help everyone Understand Blockchain find promising ICO's & Crypto Currencies. I have been a Investment Banker for past 10 years and worked with reputed Banks.,My name is Mandy and here's my website http://cryptosdaily247.com/ My goal is to assist everyone with understanding blockchain technology to discover the most promising ICO's & Crypto Currencies. For the last ten years I've been an investment banker at the most well-known banks around the world.,https://docs.google.com/spreadsheets/d/1MjhiUslFV9bnKSWG7ElCA11B2xxFEbJRzMZ7wmhJrTE/edit#gid=1671177910,10,от 1 до 10,No data,https://www.facebook.com/cryptosdaily247/,https://twitter.com/mandyb675,https://www.youtube.com/channel/UCESKqHR1VHRw5y300gpHXDQ,No data,https://telegram.me/mandysicoresearch,https://discordapp.com/invite/GrTP7nK,No data,No data,No data,No data,No data,
Wolf Crypto,https://wolfcrypto.net/ico-reviews,"Wolf Crypto bases the category weight significance on a combination of examining past performances and current trends, while attempting to be as objective as possible. The final rating is capped to a max value of 100. To be able to reach that value, a project would need to get top ratings in all categories, which is very difficult to do. Receiving less than that value in no way means that the project will not be sucessful.","Wolf Crypto (https://wolfcrypto.net/) develops its rating and reviews of the ICO project on a mix of considering past achievements and current trends, and the team is doing it's best to provide you the most transparent and detailed reviews. The final ICOs rating has a maximum grade of 100. To get an ability to earn that grade, an ICO project will need to get top rankings in all categories, while it is very challenging to do. But still, not gaining that grade doesn't mean that the ICO project will not succeed.",https://docs.google.com/spreadsheets/d/e/2PACX-1vRVavikv_-LdgqN1I6mGWoI3b6LSg4mmruz7pc85BF57eUnIMZPamhoPJihOJxLCFrpWEHtAVC14Nvv/pubhtml?gid=1260768380,100,от 1 до 100%,No data,No data,https://twitter.com/wolfcryptogroup,https://www.youtube.com/channel/UCM6bmZ7FLpEEeVUW7aqL59A,https://t.me/WolfCryptoPub,https://t.me/WolfCryptoAnnounce,https://discordapp.com/invite/teS68qn,https://www.reddit.com/r/wolfcrypto/,https://medium.com/wolf-crypto,No data,info@wolfcrypto.net,Yes,
Sergio,https://sergioico.com/,Specialized on ICO reviews (Initial Coin Offerings) and new disruptive blockchain technologies.,,http://spreadsheet.sergioico.com,100,от 1 до 100%,No data,https://www.facebook.com/people/Sergio-Garcia/100025769297832,https://twitter.com/sergiogarciafer,https://www.youtube.com/SergioICO,https://t.me/SergioICOReport,https://t.me/SergioICOReport_ANN,No data,No data,https://medium.com/@sergiogarciafer,No data,hello@sergioico.com,No data,
Crypto Calibur,https://cryptocalibur.com/,"CryptoCalibur aims to provide the most in-depth reviews out there and help investors stumble across the early ""gems"". Our research team utilises about 50 metrics in order to analyse and rate projects. Each metric is rated on a likert-scale ranging from 1 to 5.",CryptoCalibur (https://cryptocalibur.com/) team tries to provide the most detailed ICO reviews on a blockchain market and assist investors to find the promising early birds among the long list of ICOs. CryptoCalibur R&D team uses up to fifty different metrics to examine and rank ICO projects. Each of the used parameters is evaluated on a Likert-scale from one to five.,No data,100,от 1 до 100%,No data,https://www.facebook.com/cryptocalibur/,https://twitter.com/CryptoCalibur,https://www.youtube.com/channel/UCBdKkSqJ3UuKTJtOanZpZIg,https://t.me/cryptocaliburchat,https://t.me/cryptocalibur,No data,No data,https://medium.com/@caliburcrypto,No data,No data,No data,
Diddy Carter,No data,"I entered the crypto space June 2017. My first five crypto currencies were ethereum, ark, lisk, xrp and omg. Shortly after these purchases, the market went bullish and I started making so much money I couldn't believe how easy it was. Then I got into ICOs, some people found out I was super good at picking profitable ones so they urged me to start a telegram channel. Fast forward 6 months from June 2017 and I've made a name for myself at the age of 24. I currently now advise , advertise, provide influence and marketing for icos. ","I'm an ICO expert Diddy Carter. I have discovered a crypto world in June 2017. The first 5 cryptocurrencies I've invested in were ethereum (ETH), ark (ARK), lisk (LSK), xrp (XRP) and omg (OMG). Soon after these investments, the crypto market went bullish and I began earning so much cash I couldn't believe how simple it was. Then I dived into ICOs galaxy, and some market makers noticed that I was pretty good at choosing successful ones so they inspired me to launch my Telegram channel related to ICOs ratings and reviews. In half of a year after June 2017 and I became a self-made ICO expert at the age of only 24. I'm currently advising, promoting and creating the marketing strategies for ICOs projects. ",https://docs.google.com/spreadsheets/u/1/d/e/2PACX-1vTwjlWe-otOK92dIO47ibW63ib5dWwdQHyIfbuuVVAJyj6CnIj8fm4FzCwdtUeV7KcfTx-iCDFB6yiu/pubhtml,6 и 100,"EXCELLENT (A), SOLID (B+), PROMISING (B-), OKAY (C), AVERAGE (D), BAD (E-F) / от 1 до 100",No data,https://www.facebook.com/diddycarterico,https://twitter.com/DIddycarterIco,https://www.youtube.com/channel/UCOzhbkDyXWp1rRd4d3B6SYw,No data,https://t.me/diddycarterico,https://discordapp.com/invite/eWRSEna,https://www.reddit.com/user/diddycarter,https://medium.com/@diddycarterico,No data,No data,No data,
Shin Chan,No data,"My spreadsheet is passed on several factors that I take into conderation along with market conditions, those conditions are: 1.Ideas, Project type 2.Roadmap 3.MVP/Prototype 4.Team 5.Advisor 6.Hardcap 7.Total token, Total sale token, Token per price 8.Largest Bonus 9.Locked-up Period 10.Dump Alert. Every review of mine comes with notes that I find important to share to my followers, information that may not be easily found or that deserve to be highlighted on their own.","I am an ICO expert Shin Chan. My ICOs spreadsheet is based on the several metrics that I consider together with the ICOs strategy: 1) An idea that stands behind and ICO project type; 2) A long-term roadmap; 3) A minimum viable product or prototype; 4. An ICO project team; 5) The list of advisors; 6)Hardcap; 7) Total tokens quantity and value, total tokens for sale, price per token; 8) The biggest possible bonus; 9) A locked-up term; 10) Dump Alert. Every my ICO review or ICO rating delivered with records that I find necessary to share with the readers, data that might be hidden or that must be highlighted.",https://docs.google.com/spreadsheets/d/e/2PACX-1vTzsYbWEqEvUYlSfSpjIpHlvI5JUchzw1RQMnOYMXzCO_AD6LieVpusB9aVV1HOJk7yjzZrONZz6RaI/pubhtml#,100,от 1 до 100%,No data,No data,No data,No data,https://telegram.me/shinchanICO_CN,https://telegram.me/moonwithshinchan,No data,No data,No data,No data,No data,No data,
Lendex0,No data,"Cryptospace astronaut. Passionate about crypto future. All-in #crypto investor, reviewer and analyst.",,https://docs.google.com/spreadsheets/u/1/d/e/2PACX-1vScEz0nAEoBr9a7aJ5qKEsdIzORuycAzWjDpSwCa-jHnNLpyXyrzwv2_1l69gfLEutLIY4XVLmQklMV/pubhtml#,100,от 1 до 100%,No data,No data,https://twitter.com/lendex0,No data,No data,https://t.me/x0ann,No data,No data,https://medium.com/@lendex0,No data,No data,No data,
Coin Bloq,https://www.coinbloq.com/,"As a cryptocurrency investor, I created this spreadsheet to share my successes, failures and experiences of dealing with a volatile and often complex asset - cryptocurrency. Coin Bloq eschews the abstraction of technical indicators to focus on the richer fundamental aspect of investment decision-making. Coin Bloq will teach you how to avoid shady projects and scams - filtering out the hype and fleshing out the detail.","Since I’m an experienced manager of crypto-assets like cryptocurrencies and ICOs I’ve made the decision to share my results, gains, and losses to help you avoid my mistakes and explore successful cases about cryptocurrency. Coin Bloq abstains from the technical analysis and its doubtful indicators and lets investors get more concentrated on well-grounded fundamental factors to take the right decisions in crypto-assets management. Coin Bloq - no hype, but the informed decisions.",https://docs.google.com/spreadsheets/d/1BJVPSl6DuMD96OlR5QSUw06qhkfMYsqwtqbz4Ry_rrQ/edit#gid=145457711,4,"Cash Cow, Bullish, Neutral, Negative",Free,No data,https://twitter.com/CoinBloq,https://www.youtube.com/channel/UCrsEzLxi1oxHr6xW9S5vSzg,https://t.me/CoinBloqGroup,https://t.me/CoinBloqAlerts,No data,No data,https://medium.com/@CoinBloq,No data,No data,No data,
CrushCrypto,https://crushcrypto.com/,"Crush Crypto is an independent research group focused on blockchain technology and digital currencies such as Bitcoin and Ethereum. The goal of Crush Crypto is to provide high quality and objective fundamental analysis in cryptocurrency investing. We are not paid or mandated to do any of our reviews and do not provide any promotional or advertising services. Our content is based on our own research, analysis and personal opinion, and the projects that we choose to review are based on our discretion.","Crush Crypto (https://crushcrypto.com/) is an experienced and well-known ICO research team of professionals in blockchain technology and cryptocurrency market, especially Bitcoin (BTC) and Ethereum (ETH). Crush Crypto ICO team aims to produce high-quality and accurate fundamental ratings and reviews in cryptocurrency market. We are not rewarded by any ICO project or crypto investor for our reviews, and Crush Crypto doesn't do any promotion or advertising for ICOs. Our ICO rating and reviews are based on our ICO researches, own metrics and an opinion of our experienced team, and the ICO projects that were picked for a review are a matter of our individual decision.",https://crushcrypto.com/summary/,3,"S/A (positive), B/C (neutral), D (negative)",Free,https://www.facebook.com/crushcrypto/,https://twitter.com/CrushCrypto,https://www.youtube.com/CrushCrypto,No data,https://t.me/joinchat/AAAAAESrVCwzd19x1DvDOQ,No data,No data,No data,No data,No data,Yes,
Picolo,https://picoloresearch.com,"Picolo Research is a private and independent research house incorporated in Singapore through its parent company Picolo Ventures PTE LTD. Picolo prides itself as being one of the leading research houses in crypto markets, specializing in Initial Coin Offerings and emerging tokens. Our goal is to bring transparency and confidence to investors that are seeking exposure to blockchain backed assets.","Picolo Research (https://picoloresearch.com) is a privately held company with an independent research team launched in Singapore by its proud of itself as one of the most experienced research companies in crypto market, with a focus on ICOs and emerging projects. Our aim is to provide investors with transparent reviews and ratings of ICOs, cryptocurrencies and other crypto assets.",No data,4,avoid-neutral-buy-speculative buy,No data,No data,https://twitter.com/picoloresearch,No data,No data,No data,No data,No data,No data,https://bitcointalk.org/index.php?action=profile;u=1052243,admin@picoloresearch.com,Yes,
CryptoBotReport,No data,I created this spreadsheet to share my cryptocurrency investment experience. It is an experiment. I try to be as transparent as possible.,,https://docs.google.com/spreadsheets/d/1ltptPUQzSn7U1OrPf_WXibLZfS02eSR83hS5vYGzRSQ/edit#gid=0,100,от 1 до 100%,No data,https://www.facebook.com/CryptoBotReport/,https://twitter.com/pawedo,https://www.youtube.com/channel/UCo6ix30E35cgwo_KImLa1cA,No data,https://t.me/cryptobotreport,No data,No data,No data,No data,No data,No data,
Liu,No data,Cryptocurrency Investor and Influencer.,,https://docs.google.com/spreadsheets/d/e/2PACX-1vQ5bWB8S3ZZRWMVdHDiauGcp0Cvcr7obQPjS7Etp_uJBLGtYCfdCxshHXRJlGu-dmKMkWKdfxx_tkvx/pubhtml#,100,от 1 до 100%,No data,No data,https://twitter.com/liu_cryptos,No data,https://t.me/liucryptos,https://t.me/LiuCryptoAlerts,No data,No data,https://medium.com/@liucryptos,No data,No data,No data,
CryptoRated,https://cryptorated.com/ico-reviews/,"At CryptoRated, our job is to carefully scrutinize every ICO to ensure that whoever seeks to invest has all the information needed to make the right judgment call founded on facts and data.",,https://docs.google.com/spreadsheets/d/1wuZgD9J2ksGPm5e-rCl0fhesqxbmQa6aaF7bDbb_TVU/edit#gid=1614011223,5,от 1 до 5,Free/Pay,https://www.facebook.com/icoreviews/,https://twitter.com/CryptoRatedHQ,https://www.youtube.com/channel/UCVSJUCoPh0iSWZkUdV_jAJw,https://t.me/CryptoRated,No data,No data,https://www.reddit.com/r/icoreviews/,https://medium.com/@ico_reviews,https://bitcointalk.org/index.php?action=profile;u=1081201,info@cryptorated.com,Yes,
Token Metrics Report,No data,"Token Metrics is a project dedicated to the independent, unpaid and transparent analysis of projects that are building products using blockchain technology and vc funds specialized in partnering with such projects.",,https://docs.google.com/spreadsheets/d/1LTVy4TnuPfclZNQzkVf8gVVZBrr-XVphd_DOQX8PRKg/edit#gid=1599422074,12,"S,A+,A,A-,B+,B,B-,C+,C,C-,D,E",Free,No data,https://twitter.com/Token_Metrics,No data,No data,https://t.me/token_metrics,No data,No data,https://medium.com/@tokenmetrics,No data,konstantin@tokenmetrics.io,No data,
ICOBazaar,https://icobazaar.com/v2/list/featured,"ICObazaar.com is one of the leading ICO trackers providing independent rating and reviews of trending ICOs since 2017. Our listed database is 4500+ projects with over $ 1 bln raised. Our ICO rating evaluates the overall quality and viability of the product, team, and technical implementation behind. It is calculated with a weight-adjusted formula with five factors and a separate industry expert score. Each factor evaluates an aspect of the project and its weight is related to its importance, which was determined by blockchain and finance professionals.","ICObazaar (https://icobazaar.com/) team is one of the most well-known ICO experts in the world that releases independent ratings and reviews of the most promising ICOs. ICObazaar's database includes 4,5K CO projects with over 1'000'000'000 USD raised. ICObazaar's ICO rating covers a long list of project properties like quality and search/market visibility, its team, and blockchain technology that stands behind it. ICO ratings are measured with a weight-adjusted method based on 5 metrics and an individual industry expert grade. Each parameter evaluates characteristics of the project and its weight is related to its value, which was determined by crypto assets managers.",No data,5,от 1 до 5,Pay,https://www.facebook.com/icobazaar,https://twitter.com/icobazaar,https://www.youtube.com/channel/UCv926YsasRYaAE3EK_g1Zvw,No data,https://t.me/icobazaar,No data,https://www.reddit.com/r/ICObazaar/,https://medium.com/icobazaar,https://bitcointalk.org/index.php?topic=1944524.0,hello@icobazaar.com,Yes,
TokenTOPS,https://tokentops.com/rating/,The easiest way to find interesting projects with possible potential for profit is to sort ICOs listed on TokenTops based on their general rating. This list include both past and currently active token sales. There are many things and variables that contribute to the final ICO rating.,"TokenTOPS (https://tokentops.com/) - the most simple way to discover exciting ICO projects to get profit is to sort ICOs listed on https://tokentops.com/ powered by their independent market ratings. That list of ICOs includes both past and currently running token sales. There are many metrics, parameters and variable data that is being contributed to the ultimate ICO rating.",No data,5,от 1 до 5,Free,No data,https://twitter.com/tokentops?lang=ru,No data,No data,https://t.me/tokentops,No data,No data,No data,https://bitcointalk.org/index.php?topic=2076106.0,support@tokentops.com,Yes,
ICOData,https://www.icodata.io/ICO/active,Our proprietary rating system is designed to give our readers an independent and unbiased overview of the project and provide them with all the necessary data about specific ICO at one place. All details of the project are given a score which determines the final rating based on our proprietary model.,,No data,100,от 1 до 100,No data,https://www.facebook.com/icodata.io/,https://twitter.com/ico_data,No data,https://t.me/icodataio,https://t.me/icodatachannel,No data,No data,https://medium.com/@icodata.io,No data,No data,Yes,
ICOMarks,https://icomarks.com/icos,"ICOmarks is an independent platform for the analysis and research of ICO (Initial Coin Offering). We have our own rating system that we use to compile a list of the most promising projects, a calendar of upcoming/ending ICOs, and a tool for tracking token stats that are already being traded. Every day dozens of new ICO projects are made public, and our mission is to provide investors with independent and transparent information about each ICO so that they can minimize their investment risks. ","ICOmarks (https://icomarks.com/) is an independent app for the examination and analysis of ICOs. Our research and development team has created the rating methodology that is used in the process of compilation of the listing of most promising ICO projects, a schedule of upcoming/ending ICOs, and a tool for following token's trading statistics data. Every week hundreds of new ICO projects are going public, and ICOmarks's mission is to provide investment managers with objective and transparent data, reviews and ratings about every ICO so that they can decrease their financial risks.",No data,10,от 1 до 10,Free,https://www.facebook.com/icomarks,https://twitter.com/ICO_marks,No data,No data,https://t.me/ico_marks,No data,No data,https://medium.com/@icomarks,No data,No data,Yes,
TrackICO,https://www.trackico.io/,TrackICO provides its users the most reliable information about the best ICO projects and helps ICOs become more successful.,,No data,5,От 1 до 5,Free,https://www.facebook.com/TrackICO/,https://twitter.com/TrackICO,No data,No data,https://t.me/trackico,No data,No data,https://medium.com/@trackico,https://bitcointalk.org/index.php?topic=2254980.0,No data,Yes,
ICO Market Data,https://www.icomarketdata.com/earlybird,"ICO Market Data is a comprehensive ICO platform offering a useful way of filtering scams and making sense of the current ICO landscape. Our rating methodology is based on independent research, and is designed to provide a qualitative overview on various ICOs. Perhaps more important, it is a necessary effort to educate the crypto community, and help establish some best practices to strive towards. We attempt to kill scams and call out on money-grab ICOs by introducing some reasonable and objective, although yet still preliminary, standards to evaluate things by. Additionally, our goal is to create a clear, concise, and informative framework, allowing our community to make educated decisions in a highly dynamic and rapidly changing environment.","ICO Market Data (https://www.icomarketdata.com/) is a professional ICO-investment consulting web app allowing investors to filter scams and discovering the landscape of ICOs. ICO Market Data's rating methodology is based on our independent financial and management metrics and is created to provide the high-quality reviews of different ICOs. What's more notable, it is a significant attempt to educate the crypto market, and help set some reliable methods to strive towards. ICO Market Data tries to alert scams and call out on money-grab ICOs by submitting some reasonable and transparent, but still just a preliminary, models to estimate things by. ICO Market Data mission -  is to create a transparent, brief, and advisory framework, allowing crypto market investors to make the right decisions in a highly progressive and fast-changing blockchain market conditions.",No data,5,от 1 до 5,No data,https://www.facebook.com/icomarketdata/,https://twitter.com/ICOMarketData,No data,https://t.me/icomarketdata,No data,No data,No data,https://medium.com/@IcoMarketdata,No data,contact@icomarketdata.com,Yes,
ICOGuru,https://icoguru.io/,"ICOguru is the most comprehensive and updated ICO list, offering you a list of upcoming ICO projects alongside with lists of Pre-ICO, and Current ICOs, wherein you can find all necessary data regarding projects launching their Crowd sales. Every day new coins are coming out and on this page, you’ll see only upcoming initial coin offering. To provide you with the most convenient service, we've developed our own consolidated rating! All worth rating providers are collected in one place (e.g ICOrating, ICObench and so on). Each project will have up to 8 different ratings (including a personal rating by ICOguru). Our methodology includes a detailed analysis of each project, so our rating is very objective.",,No data,5,от 1 до 5,No data,https://www.facebook.com/icogurulisting/,https://twitter.com/guru_ico,https://www.youtube.com/channel/UCXjjewhFFBVAXwa5Sp93tzg,No data,No data,No data,No data,https://medium.com/@only.human.welsh,https://bitcointalk.org/index.php?topic=2803837.0,info@icoguru.io,Yes,
ICOScoring,https://icoscoring.com/,"The ICOscoring platform is based on a team with extensive experience in the field of direct and venture investments, as well as analysis of investment in the blockchain infrastructure. We believe that the blockchain economy should be as transparent as possible for all its participants and set a goal to simplify the procedure for selecting investment-attractive projects that conduct ICO by providing analytics on the basis of Big Data and the classical approaches that are used in the venture industry. The provided assessments take into account the main risks and uncertainties of the project, which allows you to increase the security of your investments in the ICO.","ICOScoring (https://icoscoring.com/) - a web application developed by an experienced team of professionals in the venture and direct investments, as well as expertise in investment in the crypto technologies. ICOScoring team does believe that the crypto economy must be as transparent as possible for all its members and set an aim to explain the method for choosing investment-attractive ICO projects by presenting metrics based on Big Data and the traditional procedures that are used in the high-risk investment industry. The provided estimations take into account the principal risks and dilemmas of the ICO project, which allows the investor to decrease the risks of the investment portfolio of ICO related assets.",No data,5,от 1 до 5,No data,No data,https://twitter.com/ICOSCORING_team,No data,No data,https://t.me/ICOscoring,No data,No data,https://medium.com/@ICOscoring,https://bitcointalk.org/index.php?topic=2193530.0,hello@icoscoring.com,Yes,
ICONow,https://iconow.net/category/ico-control/,"ICOnow.net - ICO rating and listing, Bounty listing, airdrop and crypto news.",,No data,100,от 1 до 100,Pay,https://www.facebook.com/iconow/,https://twitter.com/iconow_net,No data,No data,No data,No data,https://www.reddit.com/user/ICOnow/,https://medium.com/@iconow,https://bitcointalk.org/index.php?topic=2202209.0,m@iconow.net,Yes,
CCN,https://www.ccn.com/ico/,"CryptoCoinsNews (CCN) is a site providing news coverage around cryptocurrencies including bitcoin. It is a source of cryptocurrency news, with writings cited in publications of economics and medicals.",,No data,10,от 1 до 10,No data,https://www.facebook.com/ccn.la/,https://twitter.com/cryptocoinsnews,https://www.youtube.com/channel/UCwUBI86ypBSo_A63IMrjhfQ,No data,No data,No data,No data,No data,https://bitcointalk.org/index.php?action=profile;u=127390,jonas.borchgrevink@ccn.com,Yes,
ICOReview,https://icoreview.ru/calendar/,"Наш проект — это новый информационный ресурс, на котором вы всегда можете найти свежие новости об ICO, криптовалюте и в целом о любых событиях blockchain индустрии. Также мы обозреваем интересные ICO, анализируем стартапы, рассказываем новичкам об инвестировании в ICO на собственном опыте, публикуем советы экспертов.",,No data,5,от 1 до 5,No data,https://www.facebook.com/groups/icoreview,https://twitter.com/ICOreviewRU,No data,https://t.me/ICOreviewChat,https://t.me/ICOreviewRU,No data,No data,No data,No data,info@icoreview.ru,https://icoreview.ru/calendar/#emaillink,
ICO-rating,ico-rating.ru/,Все о криптовалюте. Рейтинг и оценка новейших и доходных ICO со всего мира.,,No data,5,от 1 до 5,Free,No data,No data,No data,No data,No data,No data,No data,No data,No data,No data,No data,оценку выставляют пользователи
ProfitGid,https://profitgid.ru/icorating,"Наша команда собирает свежую информацию со всего интернета для того, чтобы предоставить пользователям актуальную информацию. Наш рейтинг несет лишь ознакомительный характер. Это своеобразный календарь ICO криптовалют, который позволит быстро ознакомиться с текущими и предстоящими проектами. Окончательное решение об инвестирование принимает инвестор.",,No data,100,от 1 до 100,Free,https://www.facebook.com/profitgidru/,https://twitter.com/profitgidru,https://www.youtube.com/channel/UC9JQcfLxO13Y8P05sKf_Y2Q,No data,https://t.me/profitgidtop,No data,No data,No data,No data,my@profitgid.ru,No data,оценку выставляют пользователи
ICO4you,https://ico4you.com/,"ICO4YOU is a rating portal that provides information about blockchain-based projects. We evaluate startups which are planning ICO (initial coin offering) using the special scale. The result shows the real rating of each project. The scale consists of different characteristics which indicate the investment attractiveness of blockchain-startups. ICO4YOU goal is to provide investors clear and transparent information with reasonable investment rating. As a result investors could make decisions based on facts and true information about the project. It will increase the level of trust and confidence between users, investors and developers. ICO4YOU uses 13-point scale of rating, giving projects the evaluation from 1 to 10. ",,No data,10,от 1 до 10,No data,https://www.facebook.com/ico4y/,No data,No data,No data,https://t.me/ico4you,No data,No data,No data,No data,hi@ico4you.com,No data,
BitCryptoNews,https://bitcryptonews.ru/ico-rating,"BitCryptoNews – портал о важных событиях на криптовалютном рынке, мы предоставляем нашим читателям критический и независимый обзор о криптовалюте, блокчейне ICO. В нашем рейтинге собраны все проекты, мы разработали специальные критерии для оценки ICO, по каждому критерию выставляются баллы и даются рекомендации. Есть удобный поиск и сортировка по различным параметрам. Все проекты оцениваются по 100 показателям, для удобства объединенных в 20 пунктов, максимальное количество баллов 100.",,No data,100,от 1 до 10,No data,https://www.facebook.com/bitcryptnews/,https://twitter.com/BitCryptoNews1,https://www.youtube.com/channel/UCP33LgzVeqbXRwgQ9wPka5g,No data,https://t.me/joinchat/AAAAAERDkwllTa4BWzV_Kg,No data,No data,No data,No data,Olga@bitcryptonews.ru,No data,
BitExpert,https://bitexpert.io/rating-ico/,"Узнать об актуальных ICO и дать объективную оценку перспективности проекта можно в рейтинге от bitexpert.io. Команда портала собирает, анализирует и систематизирует всю доступную информацию об актуальных ICO. Рейтинг будет полезен инвесторам, заинтересованным во вложениях в перспективные криптовалюты и блокчейн-проекты. В списке представлены ICO, которые либо должны состояться в ближайшее время, либо уже начались. Таким образом, криптоинвестор может на основе предоставленных данных определиться, стоит ли проект вложений, а также сориентироваться по временным рамкам.",,No data,10,от 1 до 10,Free,https://www.facebook.com/bitexpert.io,https://twitter.com/bitexpert_io,https://www.youtube.com/channel/UCfNWTyjdYrEOOy77rq-voqg,https://t.me/bitexpertchat,https://t.me/bitexpertlive,No data,No data,No data,No data,ask@bitexpert.io,No data,оценку выставляют пользователи
ICO Digest,https://ico-digest.com/upcoming-ico,"Каталог ICO-Digest.com ставит своей целью предоставление пользователям полной и достоверной информации о проводимых и готовящихся ICO. В фокусе внимания находятся наиболее интересные и перспективные проекты, независимо от их географической, национальной принадлежности и юрисдикции.  ICO-Digest.com видит свою задачу, в первую очередь, в том, чтобы предоставить максимально объективную информацию по широкому спектру ICO проектов. Для этого мы изучаем данные, предоставляемые ICO проектами, аналитическими ресурсами в сети интернет, сотрудничаем со специалистами инвестиционных агентств и профессиональными консалтинговыми компаниями.",,No data,5,от 1 до 5,No data,https://www.facebook.com/bitnovosticom,https://twitter.com/bit_novosti,https://www.youtube.com/user/bitnovosti,No data,https://t.me/icodigestcom,No data,No data,No data,No data,No data,No data,
TokenLab,tokenlab.info/,Our main goal is to provide crystal clear assessment of upcoming and ongoing projects on the market. Each evaluation is set manually and adjusted later when it changes. We do not use data parsing to avoid errors. We developed TLI (TokenLab Index) - index calculated by more than 20 parameters for companies which are planning to launch an ICO and token sale or have already done it. Each rating in the index has several criteria — weighting factors. They depend on the importance of the object.,,No data,100,от 1 до 100,No data,https://www.facebook.com/tokenlab.info/,https://twitter.com/tokenlab_info,No data,https://t.me/tokenlab_chat,https://t.me/Tokenlab_info,No data,No data,No data,https://bitcointalk.org/index.php?topic=2212112.0,hello@tokenlab.info,No data,
ICOHotSheet,https://icohotsheet.com/,"Scoring is based on:
* idea: how original and groundbreaking is the idea
* team: do they know how to work together? do they have grit? domain experience?
* market: addressable size of market, competitive landscape, positioning
* traction: do they have an MVP or prototype? What about users?
* advisors: this also includes major investors such as YC, Sequoia, and big partnerships. Essentially how quickly will they be lifted into market.
* tokenomics: weighted decision based on ico market cap, ico price, organic growth vs shilling investors
* type: bonus points goes to infrastructure, currency, or new blockchain projects.",,https://icohotsheet.com/,100,от 1 до 100,No data,No data,https://twitter.com/icohotsheet,No data,No data,No data,No data,https://www.reddit.com/user/icohotsheet,No data,https://bitcointalk.org/index.php?topic=2848024.0,No data,No data,
BlackDragon,https://www.buddhatrader.com/,"My name is Dom, I’m a former banker turned crypto investor and researcher. Over the last months, I reviewed and analysed dozens of tokens and Initial Coin Offerings and shared them with the group of busy friends, all crypto enthusiasts and investors like myself. After the positive feedback received from them I decided to share it with the rest of the world in the form of a blog.",,https://docs.google.com/spreadsheets/d/1j2cRIVgZ4u3VRimID-ni28FhEoM-ifSQ0R5pnfEFldU/edit#gid=708419263,100,от 1 до 100,No data,No data,https://twitter.com/blackdragon_io,No data,No data,https://t.me/BlackDragonVentures,https://discordapp.com/invite/7vbvDbb,No data,No data,No data,No data,Yes,
BulkNetwork,http://bulk.network/,"Глубокий разбор криптовалют и ICO проектов, основанный на мат. анализе и подкреплённый аргументированной оценкой. Наша оценка включается в глобальные рейтинги. Мы активны не только онлайн, но и в реальной жизни. Посещаем мероприятия, посвящённые блокчейну и налаживаем связи, берём интервью у организаторов проектов. ",,https://docs.google.com/spreadsheets/d/1SIA-geaKHkfxPghZW4-5SwC3p1JRkHlRpe5aU8LXcWU/edit#gid=1826461821,100,от 1 до 100,No data,No data,https://twitter.com/BulkNetwork,https://www.youtube.com/c/BulkNetwork,No data,https://t.me/bulknetwork,No data,No data,https://medium.com/@BulkNetwork,No data,info@bulk.network,No data,
Coinvision,https://www.coinvision.co/top20,"Coinvision is designed to help new investors understand the cryptocurrency market. Millions of enthusiasts are buying cryptocurrencies but many don’t grasp the full potential of blockchain-powered technologies. Our AI-powered platform crawls the best websites, blogs, social media pages and channels, credible redditors and other sources to deliver alerts directly to you via Messenger & Telegram.",,No data,100,от 1 до 100,No data,https://www.facebook.com/coinvisionbot/,https://twitter.com/coinvisiondata,No data,No data,No data,No data,No data,https://medium.com/@coinvision,No data,info@coinvision.co,No data,
@ICO_Reports Community Rating,@ICO_Reports Community Rating,No data,,https://docs.google.com/spreadsheets/d/1vG2wEL9qbv7VzAYnUWywqTqMhDyK9Aemg-y8VS1erpc/htmlview#gid=0 ,100,от 1 до 100,No data,No data,No data,No data,No data,https://t.me/ICO_reports,No data,No data,No data,No data,No data,No data,
The Kript Keeper,http://www.thekriptkeeper.com/,"I am Sin, The Kript Keeper, and you will be seeing a lot more of me doing my ICO reviews and using my spreadsheet to score them in terms of not only short term profitability for investors, but also as a means to gauge potential longevity of projects in the blockchain space.",,https://docs.google.com/spreadsheets/d/1F60DrtAbBlBE_NHqbJNnHKN2cP830dB9sf3Obbj0n5k/edit#gid=1478142616 ,100,от 1 до 100,No data,https://www.facebook.com/thekriptkeeper,https://twitter.com/lovethyneybor,https://www.youtube.com/thekriptkeeper,https://t.me/thekript,No data,https://discordapp.com/invite/6arw63Q,No data,No data,No data,sinthekriptkeeper@gmail.com,Yes,
The Council,No data,"We research and review ICOs, talk crypto projects, trading strategies and more!",,https://docs.google.com/spreadsheets/d/1UUae-WNQGu_cq8t6w_eMm8619Pt6fsIzrxhY5nX_SKI/edit#gid=1046695329,100,от 1 до 100,No data,No data,https://twitter.com/icocouncil,https://www.youtube.com/channel/UCTfjrDLPz3iJXRjOsaDnH_w,No data,https://t.me/CryptoInsiderX,No data,No data,No data,No data,No data,No data,
cFund,https://cfund.info/,"The number of ICOs is growing every month. We study them and select the most promising and safe. In our spreadsheet you will find links and description of ICOs, detailed information and our ratings.",,https://docs.google.com/spreadsheets/d/1IskTyDIcyA0yqW2DgUwkJW4CL6PdHzEMogHblbW3oDE/htmlview#,10,от 1 до 10,No data,No data,No data,No data,No data,https://t.me/cFund_info,No data,No data,No data,No data,ico@cfund.info,No data,
ICO PROMETHEUS,No data,Top ICO's researches and alerts,,https://docs.google.com/spreadsheets/d/1uS9cTOj_Ea4gNaTLL8cgMQm1yAebKuHRdufix_63ri4/edit#gid=210874663,7,"A+,A,A-,B+,B,B-,C",No data,No data,https://twitter.com/Prometheus_ICO,No data,No data,https://t.me/IcoPrometheus,No data,No data,No data,No data,No data,No data,
ICO expert,https://icoexpert.biz/,"ICOExpert.biz is a website and a Youtube channel about ICOs, blockchain, crypto conferences. Also, we are proud to present weekly interviews with best experts and influencers in crypto market about bitcoin, ethereum, ICOs, etc. ",,No data,5,От 1 до 5,No data,No data,No data,https://www.youtube.com/channel/UC6BX8GxqzSSsTfOjg9KFzxw,No data,https://t.me/icoexpertofficial,No data,No data,No data,No data,uamaksym@gmail.com,Yes,
Cryptocoinconnection,https://cryptocoinconnection.com/ICOaudits/,Crypto Connection is a leading digital media outlet and educational services company for the cryptocurrency and blockchain technology community. Our mission is to educate and connect the global cryptocurrency community in order to pioneer the future of money and economic freedom.,,No data,5,От 1 до 5,No data,No data,No data,https://www.youtube.com/channel/UC22bbHu79eXYKgs70pwd3ag,No data,No data,No data,No data,No data,No data,No data,No data,
Icotoinvest,https://icotoinvest.com,"Our aim is to provide you with a privileged list of ICOs that add real value to the crypto community; projects utilizing blockchain technology to create something that will revolutionize the way we do things. Some projects will be featured as basic listings, whilst others that have been reviewed by us will feature an advanced, fully informative listing structure.",,No data,10,От 1 до 10,No data,https://www.facebook.com/icotoinvest,https://twitter.com/icotoinvest,No data,No data,https://t.me/trading_experts,No data,https://www.reddit.com/user/ICOtoINVEST/,No data,No data,info@icotoinvest.com,Yes,
Chainrock,https://chainrock.io/,"CHAINROCK is a digital asset research and investment group, focused on blockchain technology and cryptoassets. We strive to be a trusted resource, providing transparency and insights in the crypto space.",,No data,100,От 1 до 100,No data,No data,https://twitter.com/chainrock_io,No data,No data,No data,No data,No data,https://medium.com/chainrock,No data,No data,https://chainrock.io/contact/,
ICO rating,https://www.icorating.info/icorating,"We evaluate ICO projects from the point of view of a medium-term investor. We apply a clear methodology for ranking projects. We use the method of calculating points for each of the positions:
- Is there a buyback
- Is the issued token provided with real assets or not
- Does the company give a discount at the initial placement
- Does the company pay dividends
- Whether round-the-clock support of the project is established or not
- Is there a bounty program to promote the project
- And also, is the project discussed  in the media",,No data,7,"A,AA+,AA,B+,B,BB+,BB",No data,https://www.facebook.com/ico.rating.7,https://twitter.com/IcoratingI,No data,https://web.telegram.org/#/im?p=@dmitr66,No data,No data,https://www.reddit.com/user/ICOratingI/,https://medium.com/@IcoratingI,No data,No data,No data,
ICOstreet.io,https://www.icostreet.io/,Simply the best ICO list. Review our top list of ongoing and upcoming ICO (Initial Coin Offering) and crypto token crowdsales. Our rating algorithm is based on information available to ICOstreet.io.,,No data,5,От 1 до 5,No data,No data,https://twitter.com/ICOstreet_io,No data,No data,No data,No data,No data,No data,No data,contact@icostreet.io,No data,
ICO Champs,https://www.icochamps.com/,ICO Champs is an independent ICO evaluation platform. ,,No data,5,От 1 до 5,Free,https://www.facebook.com/ICOchamps/,https://twitter.com/icochamps,No data,No data,No data,No data,No data,https://medium.com/icochamps,https://bitcointalk.org/index.php?action=profile;u=1689435,musli@icochamps.com,No data,
ICOcreed,https://icocreed.com/,ICOcreed is a independent ICO rating and review agency provide comprehensive list of best ICOs rated by our crypto consultant team.,,No data,5,От 1 до 5,No data,https://www.facebook.com/ICOcreed/,https://twitter.com/icocreed,No data,No data,https://t.me/icocreed,No data,No data,https://medium.com/@icocreed2,No data,info@icocreed.com,No data,
ICO Finch,https://icofinch.com/,"ICO Finch is a service which helps thousands of investors to get insight into Initial Coin Offering (ICO) market and makes it possible to ICO owners to list their projects and get more attention from potential investors. We monitor and analyze ICOs automatically using tools developed by ICO Finch team, as well as manually by our experts, and give each project our independent objective rating.",,No data,5,От 1 до 5,Free,https://www.facebook.com/icofinch/,https://twitter.com/ICOfinch,No data,No data,https://t.me/icofinch,No data,No data,No data,https://bitcointalk.org/index.php?topic=4803610.0,hello@icofinch.com,No data,
CryptoPotato,https://cryptopotato.com/ico-list/,"CryptoPotato was established at the beginning of 2016 by crypto early adopters. CryptoPotato has recently become one of the world's leading information sources for crypto investors. We always insist on original high-quality content, and our site has set a goal to always look from the crypto investor’s point of view.",,No data,10,От 1 до 10,No data,https://www.facebook.com/CryptoPotato/,https://twitter.com/Crypto_Potato,https://www.youtube.com/channel/UCUv89KvVvjuH-NngyBhfwTg,No data,https://t.me/CryptoPotato_News,No data,No data,No data,No data,No data,Yes,
Insider.Pro,https://ihodl.com/calendars/ICO/all/,Insider.pro is an illustrated edition about cryptocurrencies and financial markets.,,No data,5,от 1 до 5,No data,https://www.facebook.com/insider.pro.en/,https://twitter.com/InsiderProEn,https://www.youtube.com/channel/UCGd8Gpo_vbqyir-qJNbXnMA,No data,https://telegram.me/InsiderProRu,No data,No data,No data,No data,ratings@insider.pro,Yes,
@CryptoLammer,https://cryptolammer.com/,CryptoLammer want to help and build a strong crypto community.,,https://docs.google.com/spreadsheets/d/1Zr1jAVuroARqDr-0CuTaXXH5_bPlXkcZ8w3bn68Ms9Y/edit#gid=757935394,4,4=Green - invested or plan;  3=Yellow - neutral; 2=Blue - get on exchange;  1=Grey - not investing; ,No data,No data,https://twitter.com/CryptoLammer,No data,No data,https://t.me/CryptoLammer,No data,https://www.reddit.com/user/cryptolammer,No data,No data,CryptoLammer@gmail.com,https://cryptolammer.com/newsletter/,
Portal Soho,https://www.portalsoho.com/p/ico-calendar.html,"Financial Technology, BlockChain, Cryptocurrency - News & ICO List.",,No data,10,от 1 до 10,No data,https://www.facebook.com/portalsoho/,https://twitter.com/PortalSoho,https://www.youtube.com/channel/UCtEcvoL4Ou9et8GMG2bbG8A,No data,No data,No data,https://www.reddit.com/user/portalsoho,No data,No data,asrinuryani96@gmail.com,Yes,
WiserICO,https://wiserico.com/,"Our site provides an ICO calendar, so you can discover ICOs that suit your individual investment needs. If you want to stay ahead of the market, make sure to track our crypto ICO list and know everything about upcoming initial coin offerings.",,No data,5,От 1 до 5,No data,https://www.facebook.com/wiserico/,https://twitter.com/wiser_ICO,No data,No data,https://t.me/wiserICO,No data,https://www.reddit.com/user/wiserico,No data,https://bitcointalk.org/index.php?topic=2844960.180,i@wiserico.com,No data,
ICO Pantera,http://icopantera.kr/,No.1 Korean ICO Review GroupAnalyze ico with objective eye. Create professional reviews Share reviews through the various channels Help investors to make accurate decisions.,,No data,No data,No data,No data,No data,No data,No data,No data,No data,No data,No data,No data,No data,No data,No data,No data
icopools.io,https://icopools.io/en/ico_analysis,ICOPOOLS.io is rating of ICO pools. Service collects data from ICO pools about LIVE deals and represents it in a useful table form sorted by rating. In adittion to rating the data can be sorted by every column in the table. Each of the pool has its history with all ICO raising rounds and their statuses described.,,No data,10,от 1 до 10,Free,https://www.facebook.com/ICOPoolsio-278798262897323/,https://twitter.com/ICOpools_io,No data,https://t.me/icopoolsen,https://t.me/icopools_alerts,No data,No data,https://medium.com/@ICOpools_io,https://bitcointalk.org/index.php?topic=3314699.0,adv@icopools.io,No data,
CoinMarketPlus,https://www.coinmarketplus.com/ico-calendar/,"CoinMarketPlus.com is a cutting-edge initial coin offering platform, where investors will get a detailed list of ICOs, token sales, and ICO results. With strong technical skill and decent experience in the crypto industry, our objective is to provide a substantial platform to investors; thereby they can get the well-researched information and leverage the best opportunities in initial coin offering in 2018 and beyond. Every ICO claims they have the best project to invest. At CoinMarketPlus.com our expert team read all ICOs whitepapers, check their team member’s profile, check their past achievements, compare their ICO with competitors, evaluate total supply and calculate per unit price and come up with ICO Rating. ",,No data,10,От 1 до 10,No data,https://www.facebook.com/CoinMarketPlus/,https://twitter.com/coinmarketplus,https://www.youtube.com/channel/UC0wcLWoHgbLx3HV7Mwb7x1g,https://t.me/coinmarketplus,No data,No data,https://www.reddit.com/user/coinmarketplus/,https://medium.com/@coinmarketplus,https://bitcointalk.org/index.php?topic=2803593.0,info@coinmarketplus.com,Yes,
The Crypto Sphere,http://thecryptosphere.co/,"I’m a 24 year old that loves learning new things (Chinese, Crypto). I’ll be reviewing ICO’s for you and hope that you find value in it.",,https://docs.google.com/spreadsheets/d/1hemUySXKHmBgf0DrgyQKlB-f455lUup1rPUuA-WJNoU/edit#gid=1032094084,100,От 1 до 100,No data,No data,https://twitter.com/dvircrypto,https://www.youtube.com/channel/UCGym6CYcQDzUbc4eaq7oIPw,https://t.me/cryptospheretalk,https://t.me/thecryptosphere,No data,No data,No data,No data,support@thecryptosphere.co,No data,
ICO of Korea,http://icoofkorea.com/,ICO of KOREA is the best source for ICOs and the Korean market.,,https://docs.google.com/spreadsheets/d/1Mqv80g5ANqkeZNdM30aB8oqYYnJ6r2KwIBuoxIycmVI/edit#gid=1116552821,10,"S,A+,A,A-,B+,B,B-,C+,C,C-",No data,No data,https://twitter.com/korea_ico,No data,No data,https://t.me/icoofkorea,No data,No data,https://medium.com/ico-of-korea,No data,No data,No data,
Altcoin Picks,No data,"My goal is to bring you information about everything Cryptocurrency. I plan to cover topics such as coin reviews, coin analysis, ICO reviews and market news. ",,https://docs.google.com/spreadsheets/d/1TsdRNWWoVzqwLESNy8KiOmVsft5fkrImX_BZiPERpxY/edit?ts=5ae4b523#gid=0,100,от 1 до 100,No data,https://www.facebook.com/groups/1868093563217944,https://twitter.com/altcoinpicks,https://www.youtube.com/channel/UCYrQ9ZfRz_qbIy8X-ppT6dw,No data,No data,https://discordapp.com/invite/ZQNuGf5,No data,No data,No data,altcoinpicks@gmail.com,No data,
Anon ICO Reviews,https://www.youtube.com/channel/UCd8TVUSNQA0DkYgjC6-xHDg,We are a consortium of 3 crypto influencers.,,No data,5,от 1 до 5,No data,https://www.facebook.com/AnonICOReview/,No data,https://www.youtube.com/channel/UCd8TVUSNQA0DkYgjC6-xHDg/,No data,No data,No data,No data,No data,No data,No data,No data,
ICOwhitelists,http://icowhitelists.com,"There are two parts to how we rate ICOs here at ICOWhitelists.com. First, we need to find out if this is a quality ICO. Second, we’d like to classify the ICO so we can have an idea of what to expect in its lifetime – what class of ICO does this fall into? We include three types of quality ICOs on this website: Stellar, Solid, and Stealth ICOs.",,No data,3,"Stellar, Solid, Stealth",No data,No data,https://twitter.com/ICOWhitelists,No data,No data,No data,No data,No data,No data,No data,No data,No data,
ICORanker,https://icoranker.com/,ICORanker.com is top destination for analyzing upcoming ICOs (Initial Coin Offerings). Our talented team has a years of experience in the Cryptocurrency Industry and we only list the top ICOs with the highest potential.,,No data,100,от 1 до 100,No data,No data,No data,No data,No data,No data,No data,No data,No data,No data,info@icoranker.com,https://icoranker.com/ico-alerts,
ICOPicker,https://icopicker.io/,"Get quick and the most accurate ICO ratings, quickly compare them to make a better choice, and you can also rate or share your ICO experience. We have a very unique listing and rating procedure as our ICO ratings are not arbitrary ratings but an aggregated and sourced representation that includes ratings from top analysts, reviews from other popular ICO rating websites, and it is based on a community-driven IC rating system. We have all top ICOs listed and to keep them updated our ratings are also subject to revisions as we track the progress of the ICOs monitoring their performance during the entire token sale procedures.",,No data,100,от 1 до 100,No data,https://www.facebook.com/TeamICOPicker/,https://twitter.com/teamICOpicker,https://www.youtube.com/channel/UCRfwkPNL7dlwxvbhrB_vjcQ,https://t.me/icopicker,No data,No data,No data,https://medium.com/@icopicker,No data,No data,No data,
Brothers Rating,https://brothersrating.com/,"Brothers Rating is a platform established by the ICO Brothers company for a detailed evaluation and rating of ICO campaigns. We were inspired by the high interest of big investors. Relying on our broad experience of participating in several hundreds of projects, they approached us to analyze some of their projects in order to manage their assets profitably.",,No data,10,"A+,A,A-,B+,B,B-,C+,C,C-,D",Free/Pay,https://www.facebook.com/icobrotherscom/,https://twitter.com/brothers_rating,https://www.youtube.com/channel/UCHzWIE7XzhRhYW69u6_AV_w,https://t.me/icobrothers_global,https://t.me/brothers_rating,No data,No data,https://medium.com/@icobrothers.main,https://bitcointalk.org/index.php?topic=3450928.0,Info@brothersrating.com,Yes,
ICO Scroll,https://icoscroll.com/,ICO Scroll is an ICO directory site that’s curated by our interior full time ICO experts. Our objective is to determine the most effective possible First Coin Offerings (ICO’s) for cryptocurrency financiers as well as listing them in their corresponding classifications.,,No data,10,от 1 до 10,No data,https://www.facebook.com/icoscroll,https://twitter.com/icoscroll,https://www.youtube.com/channel/UCsB0lx2H6JdhZv9gu-QHH6w,https://t.me/icoscroll,No data,No data,No data,No data,https://bitcointalk.org/index.php?action=profile;u=1023335,info@icoscroll.com,No data,
ICO-map,https://www.ico-map.io/,"ICO-MAP collects all the quality Active, Pre & Upcoming ICO’s, and thus we ensure that you won’t miss out on the chance to be apart of the next big thing. With ico-map.io you can put your Upcoming or Ongoing ICO on the MAP and ivestors easily can find and track ICOs.",,No data,5,От 1 до 5,Free/Pay,No data,https://twitter.com/icomap_io,No data,No data,No data,No data,No data,No data,No data,info@ico-map.io,No data,
Top ICO List,https://topicolist.com,"Top ICO List is curated by ICO analysts to bring you the best new ICO coins that are active, upcoming or in discounted pre ICO. ",,No data,7,"AAA,AA,A,BBB,BB,B,C",No data,https://www.facebook.com/topicolist,https://twitter.com/topicolist,No data,https://t.me/topicolistcommunity,https://t.me/topicolist,No data,No data,https://medium.com/@topicolist,No data,No data,No data,
ICObuzz.net,http://icobuzz.net/,"ICObuzz is our view on the constantly growing ICO world. We’ve created and constantly update 3 useful lists: Active ICOs, Upcoming ICOs and Ended ICOs for everyone who is interested in ICOs and wants to stay current on the topic.",,No data,5,От 1 до 5,No data,https://www.facebook.com/ICObuzzOfficial,https://twitter.com/icobuzzofficial,No data,No data,No data,No data,https://www.reddit.com/r/icobuzz/,https://medium.com/@icobuzz.net,No data,info@icobuzz.net,Yes,
Tropyc,https://tropyc.co/crypto,"At tropyc, we believe there is a better way to list initial coin offerings. A more valuable, less invasive way where investors and crypto-enthusiasts know there is no conflict of interest between the aggregator and the token sale issuer. A place where ICOs can get listed and rated for free but cannot advertise or promote their token sale. We are obsessively passionate about cryptocurrency and ICOs and know for a fact it will have a long-term and positive impact on our world.",,No data,10,от 1 до 10,Free,https://www.facebook.com/tropyc,https://twitter.com/tropyc_crypto,No data,https://t.me/tropycHouse,https://t.me/Tropyc,No data,https://www.reddit.com/r/tropyc/,https://medium.com/@tropyc,https://bitcointalk.org/index.php?topic=4666122.0,hello@tropyc.co,Yes,
NEWSBTC,https://ico.newsbtc.com/icos/,"NewsBTC is a news service that covers bitcoin news, technical analysis & forecasts for bitcoin and other altcoins. Here at NewsBTC, we are dedicated to enlightening people all around the world about bitcoin and other cryptocurrencies.",,No data,5,От 1 до 5,No data,https://www.facebook.com/newsbtc,https://twitter.com/newsbtc,https://www.youtube.com/channel/UC9v9erBEru5y4c3FA0wehEw,No data,https://t.me/newsbtcofficial,No data,No data,No data,No data,contact@newsbtc.com,Yes,
CoinGape,https://coingape.com/ico-review/ico-review-rating/,CoinGape ICO reviews and rating are based on in-depth analysis of projects and are analyzed against expert selected KPI’s. ICO reviews are a better way to grasp the pros and cons of a project in quick time and saves you lot of time. ,,No data,10,от 1 до 10,Pay,https://www.facebook.com/coingape,https://twitter.com/coingapemedia,https://www.youtube.com/channel/UCGxbUzJCxDHSPZkayqc4NLQ,No data,https://t.me/coingape,No data,No data,https://medium.com/@coingape,No data,hello@coingape.com,Yes,
InvestFuture,https://investfuture.ru/ico/rating,"Рейтинг ICO проектов по версии InvestFuture - наиболее полный рейтинг топовых проектов, проводящих первичное размещение токенов. Мы расчитываем собственный рейтинг, анализируя рейтинги, оценки и отзывы о проектах на крупнейших ресурсах мира: ICO Bazaar, ICODrops, ICObench, ICOmarks, Track ICO, Profit Gid и другие.",,No data,100,От 1 до 100,No data,https://www.facebook.com/investfuture.ru,https://twitter.com/InvestFutureRu,https://www.youtube.com/channel/UC-WK8QlQJpAROCrO7dRvqcw,No data,https://t.me/investfuture,No data,No data,No data,No data,info@investfuture.ru,Yes,
Coindelite,https://coindelite.com/ico-list.php,"Coindelite is the most delightful media channel to get you the Latest Bitcoin News, Cryptocurrency News, and ICO Press Releases. Check updated ICO list, Live Cryptocurrency price charts, information Cryptocurrencies and real-time market data.",,No data,5,От 1 до 5,No data,https://www.facebook.com/coindelite/,https://twitter.com/CoinDelite,https://www.youtube.com/channel/UCT2a-WjJaZLqZuWjrn-Cong,No data,https://t.me/coindelite,No data,https://www.reddit.com/user/Coindelite/,No data,https://bitcointalk.org/index.php?topic=4789110.0,hello@coindelite.com,No data,
Icosignal,https://icosignal.com/,ICO Signal lists all the important dates of ongoing and upcoming ICOS's (Initial coin offerings) of the cryptocoin projects.,,No data,5,От 1 до 5,Free/Pay,https://www.facebook.com/icosignal,https://twitter.com/icosignal,No data,No data,No data,No data,https://www.reddit.com/user/icosignal,https://medium.com/@icosignal,No data,No data,No data,
cFund,cFund.info,"The number of ICOs is growing every month. We study them and select the most promising and safe. In our spreadsheet you will find links and description of ICOs, detailed information and our ratings.",,https://docs.google.com/spreadsheets/d/1IskTyDIcyA0yqW2DgUwkJW4CL6PdHzEMogHblbW3oDE/htmlview#,10,от 1 до 10,No data,No data,No data,No data,No data,https://t.me/cFund_info,No data,No data,No data,No data,ico@cfund.info,No data,
digrate,https://digrate.com/,"Digital Rating Agency is the first professional provider of independent evaluation of ICO projects, digital assets and cryptocurrencies. Providing ICO project due diligence we help founders reveal pitfalls and shortcomings which may diminish a chance of raising funds. ",,No data,2 системы: 6 букв и 7 оценок,"A1 - High level
A2,B1 - Satisfactory level
B2,C,D - Low level / от 1 до 7",No data,https://www.facebook.com/DigRateAgency/,https://twitter.com/@DigRateAgency,No data,No data,https://t.me/digrate,No data,No data,https://medium.com/@digitalratings,https://bitcointalk.org/index.php?topic=2208919.0,info@digrate.com,Yes,
ICOVision.io,https://icovision.io/,"View more ratings and ICOs in Platform industry. Use ICOsea to access presentations, white papers, milestones, financial and tokens data.",,No data,5,От 1 до 5,Free,No data,No data,No data,No data,No data,No data,No data,No data,No data,No data,No data,"Как я понял, основывается на оценках других экспертов, которые указаны внизу страницы"
FoundICO,https://foundico.com/icos/,"We bring to you the best ICOs. The curated list of initial coin offerings, both ongoing and upcoming, tells you all you need to know about the winning projects in front of us. In 2018, we dig deep and try to learn all the tech details on investment opportunities in this space. Each ICO at Foundico.com goes through a semi-automatic quality check. The algorithm that accounts for over 25 criteria delivers a preliminary scoring, which is subsequently approved or adjusted by expert moderators before a project is published. We are constantly tracking trends in crypto investment and tweak calculations in order to improve objectivity of our assessments for individual projects.",,No data,10,от 1 до 10,No data,https://www.facebook.com/foundicoofficial/,https://twitter.com/foundico,https://www.youtube.com/channel/UCkfZAtcUyo5hSOpPLpwjNZA,No data,https://t.me/ico_expert_reviews,No data,No data,https://medium.com/@Foundico,https://bitcointalk.org/index.php?topic=2079050.0,team@foundico.com,Yes,
ICOBuffer,https://icobuffer.com,ICObuffer is an ICO listing and rating platform. We have three different rating in one score. First - profile completeness rating. Second - ICObuffer analysts rating. Third - experts rating. Our analysts have more weight in the rating methodology.,,No data,10,от 1 до 10,No data,https://www.facebook.com/icobuffer/,https://twitter.com/icobuffer,https://www.youtube.com/channel/UCyRek5WYdPzkBHo3352l2Ug,No data,https://t.me/ICObuffer,No data,No data,No data,https://bitcointalk.org/index.php?topic=3949738.0,info@icobuffer.com,Yes,
ICORating,https://icorating.com/,"ICORating is a rating agency that issues independent analytical research, evaluating ICO projects and assigning them ratings.",,No data,5,negative-neutral-stable-stable+-positive,Pay,https://www.facebook.com/icorating,https://twitter.com/icorating,No data,No data,https://t.me/ico_rating,No data,https://www.reddit.com/user/ICOrating/,https://medium.com/@IcoRating/,https://bitcointalk.org/index.php?topic=1632574.0,info@icorating.com,Yes,
NeiroNIX,https://neironix.io/ico-rating,NEIRONIX is an analytical platform of multifactorial scoring of ICO projects which carries out the multivariate analysis of large amount of data using new mathematical methods. The platform is designed for the analysis and subsequent effective risk management of investments in projects with high degree of uncertainty. ,,No data,100,от 1 до 100,Free,https://www.facebook.com/neironix/,https://twitter.com/neironix_io,https://www.youtube.com/channel/UCF8NTifpGyCsfd5U65t0LkA,https://t.me/neironix_enn,https://t.me/neironix_io,No data,https://www.reddit.com/user/Neironix_io,https://medium.com/@neironix.io,https://bitcointalk.org/index.php?topic=4836574.0,support@neironix.io,Yes,"Как я понял, автоматическая система оценок на основе нейросетей еще только разрабатывается, будет работать после ico"
icocra,http://icocra.com/,"We are only a ratings service, but not a credit rating agency. ",,No data,9,"A+,A,A-,B+,B,B-,C+,C,C-",Pay,No data,No data,No data,No data,No data,No data,No data,No data,No data,No data,Yes,"Общая система оценок нигде не описывается, исходил из вариантов оценок, которые нашел у проектов"
icoinspect,https://icoinspect.com/,"We are the global team of investors in traditional assets and venture projects. We decided to create a service that will help all kind of investors to obtain necessary and sufficient information about ICO from technical to financial perspective. We believe, that investing in the ICO is currently one of the most promising areas of investment not only in the cryptoworld, but in the world as a whole. ICOinspect Metarating is calculated based on the published ratings and opinions from various sources. We carefully examine available ICO data and evaluate information from public sources in order to present most accurate and up to date estimate of how attractive a specific ICO is. ICOinspect Metarating has 7 grades from “A1” to “D” which resemble classic financial rating scale.",,No data,7,"A1,A2,A3,B1,B2,C,D",Free,https://www.facebook.com/icoinspect/,https://twitter.com/icoinspect,No data,No data,https://t.me/icoinspect,No data,No data,No data,https://bitcointalk.org/index.php?topic=3110555.0,info@icoinspect.com,No data,
ICOTracker,https://icotracker.net/,We are distributed team of enthusiasts. We want to make more informed investment decisions through the ICO and want to give the opportunity for all. Each project has Curator from our team. Curator makes investigation of project by following to our rules. One of them – Curator must be a real investor and making investment from own funds. Curator has an checklist to collect rating by 5 criterions. Each criterion may have 10 points in max.,,No data,100,от 1 до 100,No data,No data,No data,No data,No data,No data,No data,No data,No data,https://bitcointalk.org/index.php?topic=1634726.0,info@icotracker.net,Yes,
cointelligence,https://www.cointelligence.com/content/ico_list/,"Cointelligence was founded in 2017 to bridge the information gap in the crypto economy. It creates relevant tools for investors, namely an impartial and accurate ICO list and rating system. Cointelligence is dedicated to creating a platform that is honest and trustworthy. In order to help users view the market as a whole, our team of writers use their knowledge of the market from all angles to create relevant, informational articles and guides that analyze the cryptocurrency ecosystem and explain it to our audience.",,No data,10,от 1 до 10,Free,https://www.facebook.com/cointelligence/,https://twitter.com/Cointelligencec,https://www.youtube.com/channel/UCUWTISGmB9X72P8fly19wWw,https://t.me/cointelligenceofficial,No data,No data,No data,https://medium.com/@onyavin,No data,info@Cointelligence.com,Yes,
icostock24,https://icostock24.com/projects/,"Icostock24 is an informational and analytical resource where you can study full ICO list with scores from the top rating agencies like ICORATING, ICOBENCH and ICOBAZAAR at once. Explore best ICO projects and participate in token sales considering our objective ratings and reviews.",,No data,5,от 1 до 5,Free,https://www.facebook.com/icostock24/,https://twitter.com/Icostock24,No data,No data,https://t.me/icostock24,No data,https://www.reddit.com/user/icostock24,https://medium.com/@icostock24,https://bitcointalk.org/index.php?topic=2567099.0,info@icostock24.com,No data,Оценка основывается на оценках других агентств
ICOTOP,https://icotop.io/,"ICOTOP is an independent agency employing a team of blockchain experts. We specialize in making the rating for ICO projects. On the basis of our full detailed analysis, we estimate ICO projects on our rating system. It is important to note that we are an independent agency and do not partner with any blockchain projects or advertisement agencies; we work for the good of the investor. We do not just analyze openly accessible data, but also use our internet research to assess the level of risk and hidden facets of blockchain projects.",,No data,10,"AA,A1,A2,A3,BB,B1,B2,CC,C1,DD",No data,https://www.facebook.com/ICOTOP.io/,https://twitter.com/ICOTOP_Rating,No data,No data,https://t.me/ICOTOP_Rating,No data,No data,No data,https://bitcointalk.org/index.php?topic=3024628.0,info@icotop.io,Yes,Не работает подписка на рассылку
Coincheckup,https://ico.coincheckup.com/,"For every ICO we give you: A one-line description; Start- and end dates; The ICO and Pre-ICO price (in USD); The hard- and soft cap; A detailed description; A video, if available; Available Bonus; Available Bounty + a lot more… There’s a ton of ICO sites out there already so how can we deliver you a service that’s unique and easy to use without reinventing the wheel? We figured it would be most useful to use the Ranking system of the 2 biggest ICO sites: icobench.com and icomarks.com and give you the average score for each ICO.",,No data,5,От 1 до 5,Free,https://www.facebook.com/coincheckup/,https://twitter.com/coincheckup,https://www.youtube.com/channel/UCsu_0uLs_ET8jydw496WxLA,No data,No data,No data,No data,https://medium.com/@coincheckup,https://bitcointalk.org/index.php?topic=2150439.0,support@coincheckup.com,No data,
Foxico,https://foxico.io,"The main difference between rating on Foxico and any other rating is that projects are rated by community members. Anyone who registered on Foxico can rate projects. At the same time, everyone who rates, can be rated by others. While rating projects, you earn your personal rating that influences your scoring weight. The personal rating score reflects the quality of scores’ reliability given by this expert. Community members can agree/ disagree with a given score by likes/ dislikes and it influences on your weight.",,No data,10,от 1 до 10,Free,No data,No data,No data,https://t.me/foxico_community,No data,No data,No data,No data,https://bitcointalk.org/index.php?topic=2280353.0,info@foxico.io,Yes,
Cryptototem,https://cryptototem.com/ico-list/,"CryptoTotem is a rating service that issues free systematic research and assessment of ICO ventures with detailed appraisals. CryptoTotem is built as a knowledge repository to encapsulate all information necessary for investors hoping to join the nascent economy. We develop CryptoTotem, an algorithm that lets you determine the operational risk of ICOs. We consider certain factors when listing projects on our database. We eliminate bad investment decisions with 3 useful ICO lists that are constantly updated: Ongoing ICOs, Pre-ICOs & Upcoming ICOs.",,No data,10,От 1 до 10,Free/Pay,No data,https://twitter.com/CryptoTotem,No data,No data,No data,No data,No data,No data,https://bitcointalk.org/index.php?topic=3628372.0,No data,No data,
Findico.io,https://findico.io/,"Findico.io is a leading cryptocurrency and ICOs portal. Whether you are already involved with ICO or other cryptocurrencies or just want to get into it, Findico.io is a resource to keep updated.",,No data,5,От 1 до 5,No data,https://www.facebook.com/findico.io/,https://twitter.com/Findico_io,No data,No data,https://t.me/findico,No data,No data,https://medium.com/@findico,No data,info@findico.io,Yes,
ICOHolder,https://icoholder.com/en/icos/all,For our statistics 84% of ICOs are scams and 84% of ICO scams don't know they're scams. We do everything to weed out all suspicious ICO. Our rating is based on more than 70 different parameters. Rating is not permanent - we are monitoring the ICOs on daily basis. Also we are always improving our rating methodology by adding new criteria in our assessment algorithm.,,No data,5,от 1 до 5,Free/Pay,https://www.facebook.com/icoholdercom/,https://twitter.com/icoholder,https://www.youtube.com/channel/UC1GiiDIRbYKB7SgMVXt-o9w,No data,https://t.me/icoholder,No data,https://www.reddit.com/user/icoholder,https://medium.com/@ICOholderpage,https://bitcointalk.org/index.php?topic=2264556.0,info@icoholder.com,https://icoholder.com/en/subscribe,
ICOBench,https://icobench.com/,"ICObench is a free ICO rating platform and a blockchain community supported by a wide range of experts that provides analytical, legal, and technical insights to the investors.",,No data,5,От 1 до 5,Free / Pay,https://www.facebook.com/ICObench,https://twitter.com/ICObench,https://www.youtube.com/channel/UCMRUukYYF0EYSoOw2KDGrCg,https://t.me/joinchat/EeNzU05Wi7dOoJwTxGrLoQ,https://t.me/icobench,No data,https://www.reddit.com/r/icobench/,https://medium.com/@ICObench,https://bitcointalk.org/index.php?topic=2152184.0,info@icobench.com,Yes,
icocrunch,https://icocrunch.io/,"ICOCrunch is an independent research team of experienced analytics and IT specialists. We are permanently searching for worthy projects we would invest our own money to, and we do invest because we are enthusiastic about cryptocurrency the same as you. We post a new project analysis daily to keep you up-to-date. Each decision to select a particular project to post is collegial, so you are protected from a biased opinion.",,No data,5,от 1 до 5,Pay,https://www.facebook.com/icocrunch,https://twitter.com/icocrunch,No data,https://t.me/ICO_crunch_chat,https://t.me/ICO_crunch,No data,No data,No data,No data,hello@icocrunch.io,Yes,
coinlauncher,https://coinlauncher.io/ico-launches/completed-ico-list,"The Data Driven Cryptocurrency ICO List to Discover Initial Coin Offerings & Token Sales
Track Blockchain ICO coins & ICO launches with our algo powered Initial Coin Offering calendar listings.",,No data,10,1-10,No data,No data,https://twitter.com/coinlauncher,No data,No data,No data,No data,No data,https://medium.com/@coinlauncher,,info@coinlauncher.io,https://coinlauncher.io/subscriptions,
Luntik ICO Reports,No data,"We are analytics, investors, writers and dreamers; a secret agency; a place to learn more about everything blocky. Our goal is to grow the crypto community and to help investors separate the good from the bad. We never, ever trade favorable ratings for advertising revenue, because we invest ourselves.",,No data,10,от 1 до 10,No data,No data,https://twitter.com/luntik_invest,No data,No data,https://web.telegram.org/#/im?p=@luntik_reports,No data,No data,No data,No data,No data,No data,
ConcourseQ,https://concourseq.io,"Concourse is an open community of builders, enthusiasts and researchers working towards a decentralized future.",,No data,No data,No data,No data,No data,https://twitter.com/concourseqio,https://www.youtube.com/channel/UCpKsNnZIg3XQgqXotcKQQBg,No data,https://t.me/Layer2_ConcourseQ,https://discordapp.com/invite/vt4ak7Z,https://www.reddit.com/r/Layer2/,https://medium.com/@concourseq,https://bitcointalk.org/index.php?action=profile;u=1228220,No data,No data,"Не увидел оценок на сайте, только анализ."
Earnings,https://earnings.today/#!/ico,"На сайте ведутся работы, написано, что скоро заработает",,,5,,,,,,,,,,,,,,Сайт не работает
Hypernum Analytics,https://analytics.hypernum.com/,Hypernum Analytics - a platform for ICO projects and ICO investors.,,No data,3,от 1 до 3,No data,No data,https://twitter.com/hypernum_team/,No data,https://t.me/hypernum_en,https://t.me/hypernumAnn_en,No data,No data,https://medium.com/hypernum,No data,info@hypernum.com,No data,
Suppoman,Suppoman,"My subject area is cryptocurrency - how to build your retirement fund with Cryptocurrency long-term investing & short-term trading, ICO investing, technical analysis and keep it safe in a Cryptocurrency wallet.",,No data,5,от 1 до 5,No data,https://www.facebook.com/TheSuppoman/,https://twitter.com/michaelsuppo,https://www.youtube.com/user/Suppoman2011,No data,https://t.me/sygchat,No data,No data,No data,No data,No data,No data,"Редко, но анализирует"
Martins Hacks,No data,Crypto Enthusiast / Programmer,,No data,Без оценки,Без оценки,No data,No data,https://twitter.com/MartinsHacks,https://www.youtube.com/channel/UCJCHQD1qktV-8z-uYTc7p3w/,https://telegram.me/Martins_Hacks,No data,No data,No data,No data,No data,martinsh.business@gmail.com,No data,Делает обзоры
Shnider,No data,"Bitcoin, Altcoin, ICOs review, Investment Opportunities review, Products review, Marketing Partnership.",,No data,Без оценки,Без оценки,No data,No data,No data,https://www.youtube.com/channel/UC53v4bT6j1e2Ac6xJoK5ylA/,https://t.me/rayangov,No data,No data,No data,No data,No data,shnider.business@gmail.com,No data,"Делает обзоры, иногда дает оценку, но не проекту, а, например, идее"
Coin Crunch,https://coincrunch.io/icos/,Coin Crunch is an open source community of blockchain investors and technologists. We started off with a Youtube channel and quickly grew to include community members as part of our core analyst team. We plan on becoming the standard for blockchain research. We don’t shill projects or take money/tokens/donations for any reviews. Our goal is to help educate people about blockchain projects and technology by discussing topics/trends and interviewing as many quality projects as we can.,,No data,Без оценки,Без оценки,Free,https://web.facebook.com/groups/coincrunch/,https://twitter.com/coincrunchio,https://www.youtube.com/coincrunch,https://t.me/coincrunch,https://t.me/coincrunchannoucements,No data,No data,https://medium.com/@coincrunchio,No data,heycoincrunch@gmail.com,Yes,"Анализирует, но без оценки"
The ICO Reviewer,https://www.youtube.com/user/barryallentheflash1,"I am The ICO Reviewer, a crypto enthusiast who likes reviewing ICOs and making videos on other cryptocurrency topics. Therefore my channel mainly consists of ICO reviews, where I like to review different projects and give you guys my honest and truthful opinion on them.",,No data,Без оценки,Без оценки,No data,No data,No data,https://www.youtube.com/user/barryallentheflash1,No data,No data,No data,No data,No data,No data,TheICOReviewerBusiness@gmail.com,No data,
Coin TLDR,https://cointldr.com/reports,"Our main purpose are short ICO reviews. Since sometimes it is hard to find all the informations about ICO in one place, we prepare short ICO overviews with main points from which investors could recognise purpose and safety of investment. We check the whole ICO procedure: check the WP, ask team about questions we have, check competition ... so investor could receive as much informations.",,No data,No data,No data,No data,https://www.facebook.com/cointldr,https://twitter.com/CoinTLDR,No data,No data,No data,No data,https://www.reddit.com/r/CoinTLDR/,No data,https://bitcointalk.org/index.php?topic=2298777.0,info@cointldr.com,No data,не ставят оценок
SANEM AVCIL,No data,"ICO Advisor - Official Blockshow Event Media Sponsor - Blockchain Expert - Top 10 AR / VR Influencer on Twitter. Skilled in Blockchain, ICO, Initial Coin Offerings, Cryptocurrency, Investment, Advisory, Virtual Reality, Augmented Reality, Social Media Marketing, Initial Coin Offering, Social Media Influencer Marketing, Digital Strategy, Mobile Marketing, Mobile Optimization (ASO), Strong entrepreneurship professional studied at MIT Entrepreneurship (online) MIT Innovation (Online) Harvard CS50 (Online) Stanford Computer Science (Online) IBM Blockchain Fundamentals.",,No data,Без оценки,Без оценки,No data,No data,https://twitter.com/sanemavcil,https://www.youtube.com/user/tommymiracles23/,No data,No data,No data,No data,https://medium.com/@Sanemavcil,No data,gennetic@gmail.com,No data,Делает обзоры
Crypto Freedom,http://crypto-freedom.com/,This website is based around my thoughts and journey into the crypto world. Everything from buying and building my crypto portfolio to getting to a point of financial freedom through crypto investing. One thing I have learned over the last few months is the crypto market is constantly evolving and the developments of new technology and businesses on the blockchain are stimulating huge growth in the crypto space. Along with it large opportunities of financial wealth generation. Although there still remains a lot of financial risk in the crypto space especially with scam enterprises and high interest investment programs that are often Ponzi schemes. There are also legitimate investment programs that can offer regular investment potential. I am to share the good time and the bad along with some things that may be questionable.,,No data,Без оценки,Без оценки,No data,,https://twitter.com/Matthew_Wilkie,https://www.youtube.com/channel/UC2zyQd-2pHQQ7xhlbd1fyQw,No data,No data,No data,No data,No data,https://bitcointalk.org/index.php?action=profile;u=1151521,Matt@Crypto-Freedom.com,Yes,Делает обзоры
TopTraderICO,http://top-traders.info/,Author's analytical resource of crypto-economy. Selected trading ideas and ICO due dilligence. The technical analysis from experienced tycoons.,,No data,100,от 1 до 100,No data,https://www.facebook.com/toptradingview/,https://twitter.com/TopTradersbyTV,No data,http://t.me/toptradersico,http://t.me/toptradingview,No data,No data,https://medium.com/@toptradersico,No data,toptradersico@gmail.com,No data,
ListICO.io,https://www.listico.io/,ListICO.io provides ICO list of the best upcoming and active initial coin offerings (ICO). We listing new ICOs on our website. We also try to give as much information as possible about this newly forming Blockchain and Cryptocurrency world. Everyone can use our website. Our aim is to make Upcoming and Ongoing crypto ico also known initial coin offerings to easy to track.,,,,,,,,,,,,,,,,,
Coinformant,https://coinformant.com/,"Coinformant.com is a directory of blockchain and cryptocurrency related resources. Coinformant listings allow users the ability to discuss and rate products, businesses, online communities, and more using our internal systems. Our goal is to create a large cryptocurrency directory powered by user & community submissions and reviews.",,,,,,,,,,,,,,,,,"Какая-то непонятная система, на главной одни оценки, в проекте другие, в списке ico их вообще нет, и методика не описана"
Verified ICOs,https://www.verifiedicos.com/,"Investing in the ICO space can yield incredibly high returns, however at the same time can also lead to catastrophic losses due to lack of experience in the space, fake ICO startups, hackers and scammers. Verified ICOs is your premier resource for obtaining unbiased information on current and upcoming initial coin offerings. Our team hand picks and audits every ICO we feature on our web site to make sure you know what you are investing in ahead of time. We reveal our findings connected to each coin offering to equip you with the most well rounded summary to assist with your investment decisions.",,,,,,,,,,,,,,,,,"Не ставят оценку, только что-то типа + и - по 3 показателям"
CryptFlix,https://cryptflix.com/,On CryptFlix we categorize the most interesting cryptocurrency videos in the crypto market and share it with you in the most entertaining way.,,,,,,,,,,,,,,,,,
List-ICO.com,https://www.list-ico.com/,"List-ICO is a modern tool for ICO owners, potential investors and those, who wants to have access to the information and events from Initial Coin Offering world. Every day we make our best efforts to be able to give our users the most actual and the fullest information about the upcoming and oncoming ICO.",,,,,,,,,,,,,,,,,
ICOLink.com,https://icolink.com/,"ICOLINK.COM - worldwide ICO listing, cryptocurrency community, coin news and blogs.",,,,,,,,,,,,,,,,,"По-моему, это рейтинг от пользователей"
CoinSchedule,https://www.coinschedule.com/,"Based in Oxford, UK, Coinschedule is one of the first and most established ICO listing and cryptocurrency portals in the world. Launched in 2016, our mission is to make it easy and safe for people around the world to join ICOs. Our unique Trust Score system, utilises Artificial Intelligence and allows ICOs to show how trustworthy they are to potential investors. It encourages ICO projects to provide transparent information about their team, their project and legal structure.",,No data,5,"A,B,C,D,E",No data,https://www.facebook.com/coinschedule,https://twitter.com/coinschedule,https://www.youtube.com/channel/UC81Br9RdwtKrlREhtCKULsw,https://t.me/joinchat/Fa3BpxBRllW7z2g4QgAaLw,No data,No data,https://www.reddit.com/user/coinschedule/,https://medium.com/@coinschedule,https://bitcointalk.org/index.php?topic=1626224.0,moon@coinschedule.com,No data,Оценивают только доверие к проекту
Icohunt,https://icohunt.co.uk/,"ICO Hunt developed and maintained by a team of experts from different technological areas particularly as it has to do with cryptocurrencies and the blockchain, is a leading cryptocurrency listing site. With a well-structured web layout, that can also be accessible on mobile phones as well, ICO Hunt provides all necessary information on the market’s end, currently running, and upcoming ICOs.",,No data,5,От 1 до 5,Free/Pay,https://www.facebook.com/ICOHUNTofficial/,No data,No data,https://t.me/joinchat/IbPECBHC_U5UU0g8IWEEWQ,No data,No data,No data,No data,No data,support@icohunt.co.uk,No data,